?遺꾨쪟,愿愿묒? ?대쫫,?됱젙援ъ뿭,吏??二쇱냼,?댁떆 ?쒓렇,?뚭컻,寃쎈룄,?꾨룄,?꾪솕踰덊샇,?덉빟 留곹겕
愿愿묒?,議곗쿇以묓븰???쏇꽣,?쒖＜??議곗쿇,?쒖＜?밸퀎?먯튂???쒖＜??議곗쿇???좊턿濡?264,"臾명솕?좎쟻吏,4.3,臾명솕愿愿??쒖＜4.3,??궗?좎쟻,?댄듃?숈뀡",1947??3?????쒖쐞 諛?珥앺뙆???댄썑 誘멸뎔?뺢낵 ?쒖껌???꾩븬??諛쏆븯??議곗쿇以묓븰??33.538307,126.640305,--,https://api.cdn.visitjeju.net/photomng/imgpath/201804/30/f9c3e840-8440-42be-b926-6edaaf8ac525.jpg
愿愿묒?,??ㅽ븯?곗뒪,?쒖＜???쒖＜?쒕궡,?쒖＜?밸퀎?먯튂???쒖＜???꾨몢遊?湲?9-1,"?쒖＜?쒕궡, ?꾨몢, 而ㅽ뵾, ?몃뱶?쒕┰, ?댁깋泥댄뿕",留쏄낵 ?μ쓣 留뚮겱?섎뒗 ?몃뱶?쒕┰ 而ㅽ뵾泥댄뿕,33.5082788,126.4723912,0507-1404-0328,https://api.cdn.visitjeju.net/photomng/imgpath/202306/20/5500f4f9-99e7-4a0b-9c73-73f4eb4a91aa.jpg
愿愿묒?,硫띾찉?뚮젅?댁뒪,?쒖＜???좎썡,?쒖＜?밸퀎?먯튂???쒖＜???좎썡???뚭만?④만 244-5,"移댄럹,?뚯떇,?댄듃?숈뀡,諛섎젮?숇Ъ,諛섎젮?숇Ъ?숇컲?낆옣,?숇컯,?쒖뀡,諛섎젮?숇Ъ?숇컲_?숈냼,諛섎젮?숇Ъ?숇컲_愿愿묒?",?좎썡??以묒궛媛?留덉쓣???꾩튂??硫띾찉 ?뚮젅?댁뒪???좉껄?몄쓣 ?꾪븳 理쒓퀬???숈냼濡?瑗쏀엺?? 媛뺤븘吏? ?몄븞?섍쾶 ?????덈뒗 ?좎옄由щ뒗 臾쇰줎 ?붾뵒諛?뿉??留섍퍘 ?곗뼱 ?ㅻ땺 ???덈뒗 理쒖쟻???섍꼍??媛뽰텛怨??덈떎. 諛섎젮寃ш낵 ?쒖＜ ?ы뻾??怨꾪쉷?쒕떎硫??쒕쾲 ?덉뿬寃?蹂??꾩슂媛 ?덈떎. ,33.4160695,126.3794271,0507-1307-4661,https://api.cdn.visitjeju.net/photomng/imgpath/202002/21/1d79303f-858a-493d-aa57-881cc1a641d0.JPG
愿愿묒?,?쒖＜?띿뾽?숆탳 ?쏇꽣,?쒖＜???쒖＜?쒕궡,?쒖＜?밸퀎?먯튂???쒖＜???꾨냽濡?100,"4.3,臾명솕?좎쟻吏,臾명솕愿愿??쒖＜4.3,??궗?좎쟻,?댄듃?숈뀡",4????諛쒕컻?섎㈃???섎쭖? ?쒖＜?꾨??ㅼ씠 ?≫?? 怨좊Ц怨?痍⑥“瑜??뱁뻽???쒓낵 ?덈Ъ???μ냼,33.499622,126.53119,--,https://api.cdn.visitjeju.net/photomng/imgpath/201804/30/d5369b9c-f331-45e8-a0ee-976eff0ebedb.jpg
愿愿묒?,遺곸큿?섑빐?μ꽦,?쒖＜??議곗쿇,?쒖＜?밸퀎?먯튂???쒖＜??議곗쿇??遺곸큿由?"遺紐??쇱옄,?꾩씠,?먮┝,臾명솕?좎쟻吏,泥?뀈,以??λ뀈,臾명솕愿愿???궗?좎쟻,?대┛??2022_留덉쓣?곗콉_遊?Moment_遊?,怨꾩냽???쒓뎄??移⑤왂?쇰줈 遺덉븞怨?怨듯룷???⑹떥???洹??쒕????띠쓣 ?먭뺨蹂댁옄.,33.536594,126.69666,--,https://api.cdn.visitjeju.net/photomng/imgpath/201804/30/ce54570c-698d-4c79-bc0a-0e6d03cd9ad0.jpg
愿愿묒?,?곗????쏇꽣,?쒖＜???쒖＜?쒕궡,?쒖＜?밸퀎?먯튂???쒖＜???곕Т?뺢만 28 (嫄댁엯???쇰?,"4.3,臾명솕?좎쟻吏,臾명솕愿愿??쒖＜4.3,??궗?좎쟻,?댄듃?숈뀡",1950???덈퉬寃???뱀떆 ?먮퉬寃?띿옄 媛?대뜲 ?쇰?媛 ?섏옣?뱁븳 怨?,33.516888,126.53469,--,https://api.cdn.visitjeju.net/photomng/imgpath/201804/30/b6939e07-60ed-427a-bff5-4d0ff42ceebd.jpg
愿愿묒?,?섎??먮뭇,?쒓??ъ떆,?⑥썝,?쒖＜?밸퀎?먯튂???쒓??ъ떆 ?⑥썝???섎?濡?272,"?쒓??? ?⑥썝, ?곸썾鍮? ?댁깋泥댄뿕, ?щ떇?由щ뜲?댁씤?쒖＜",?덉숴?ъ숴 留?醫뗭? ?곸썾鍮??붾━泥댄뿕,33.3252261,126.5961931,064-767-4545,https://api.cdn.visitjeju.net/photomng/imgpath/202307/28/c43c6d86-5adb-4daa-a11c-b1dcd211b73e.jpg
愿愿묒?,?ㅻ┝諛??쒓??ъ떆,?⑥썝,?쒖＜?밸퀎?먯튂???쒓??ъ떆 ?⑥썝???좊?由?"4.3,臾명솕?좎쟻吏,臾명솕愿愿??쒖＜4.3,??궗?좎쟻,?댄듃?숈뀡",4?? 珥덇린 臾댁옣??ㅼ씠 ?덈젴??諛쏆븯??怨녹쑝濡?異붿젙?섎뒗 怨?33.36067,126.59719,--,https://api.cdn.visitjeju.net/photomng/imgpath/201804/30/3a37ea7e-6b44-497c-be4c-349b5d299359.jpg
愿愿묒?,?꾩궗?ш뎄,?쒖＜???쒖＜?쒕궡,?쒖＜?밸퀎?먯튂???쒖＜???댄샇1??"而ㅽ뵆,移쒓뎄,?쇰ぐ,諛??щ젅,?먯쟾嫄??싳떆,?먯뿰寃쎄?",?싳떆袁쇰뱾???좎젙?섎뒗 ?쒖튂 ?ъ씤??33.50021,126.45968,--,https://api.cdn.visitjeju.net/photomng/imgpath/201804/30/4d96fd44-f120-4ee3-80a6-830ff384aaac.jpg
愿愿묒?,?덉젅?댁삤由??ъ젅??,?쒓??ъ떆,?⑥썝,?쒖＜?밸퀎?먯튂???쒓??ъ떆 ?⑥썝???좏씎由???18,"而ㅽ뵆,?쇱옄,移쒓뎄,留묒쓬,?ㅻ쫫,遊?媛???먯뿰寃쎄?,?꾨낫?ы뻾,?꾨낫",?뺤긽?먯꽌 諛붾씪蹂대뒗 留먭돕??紐⑥뼇???덉젅?댁삤由?33.3372665,126.7408476,064-760-4151,https://api.cdn.visitjeju.net/photomng/imgpath/201804/30/fe4547d9-1f58-410c-8c9b-3ae160cea756.jpg
愿愿묒?,?≪떆?곗쁺,?쒖＜???좎썡,?쒖＜?밸퀎?먯튂???쒖＜???좎썡???섍?由?"4.3,臾명솕?좎쟻吏,臾명솕愿愿??쒖＜4.3,??궗?좎쟻,?댄듃?숈뀡",4.3?ш굔 ?뱀떆 ?섍?由?二쇰??ㅼ쓣 怨듦컻?곸쑝濡?吏묐떒?숈궡??怨?,33.45789,126.35208,--,https://api.cdn.visitjeju.net/photomng/imgpath/201804/30/0ccbec08-c5d1-4390-b5c6-770532de4b97.jpg
愿愿묒?,?↔퀎?쒖쭛???쒓??ъ떆,????쒖＜?밸퀎?먯튂???쒓??ъ떆 ??뺤쓭 ?덉꽦由?1681-1,"留묒쓬,臾명솕?좎쟻吏,?ш퀎???먯뿰寃쎄?,臾명솕愿愿???궗?좎쟻,?댄듃?숈뀡",異붿궗媛 ??뺤뿉 ???泥섏쓬 癒몃Ц 吏묓꽣,33.25089,126.27759,064-760-2505,https://api.cdn.visitjeju.net/photomng/imgpath/201804/30/b0ff5a47-b970-4036-9fe7-18523014a073.jpg
愿愿묒?,?덈툕?숈궛 誘몃뵒???뚯궗??(media facade),?쒓??ъ떆,?쒖꽑,?쒖＜?밸퀎?먯튂???쒓??ъ떆 ?쒖꽑硫??덉삤由꾨줈 170,"諛??뚮쭏怨듭썝,而ㅽ뵆,?щ쫫,?ㅻ궡愿愿묒?,?댄듃?숈뀡,?쇨컙愿愿?,?쇨컙媛쒖옣??留욎씠?섏뿬 ?대（?댁???誘몃뵒?댁쓽 ?μ뿰,33.32985,126.81486,064-787-7362,https://api.cdn.visitjeju.net/photomng/imgpath/201804/30/2e0af278-3402-46d3-84c2-3f2348d40a36.jpg
愿愿묒?,?쒖＜?륝C,?쒖＜???쒖＜?쒕궡,?쒖＜?밸퀎?먯튂???쒖＜??516濡?2596-117,"怨⑦봽,?≫떚鍮꾪떚,泥댄뿕,?덉?/泥댄뿕,?댄듃?숈뀡",?쒕씪??以묒궛媛??곹룊?숈뿉 ?꾩튂??怨⑦봽??33.4399611,126.6020248,064-702-8400,https://api.cdn.visitjeju.net/photomng/imgpath/201804/30/ebd5f9ee-c830-4dc6-a993-13712cb0b177.jpg
愿愿묒?,愿?뚯궗 ?쒗뵆?ㅽ뀒???쒖＜???쒖＜?쒕궡,?쒖＜???곕줉遺곷줈 660,"?쒗뵆?ㅽ뀒???댁떇/?먮쭅,而ㅽ뵆,?먮┝,?ш퀎??臾명솕愿愿?泥댄뿕,?쒕씪???명깮???댄듃?숈뀡",?곗쿇??遺洹쇱뿉 ?덈뒗 愿?뚯궗 ?덉씠硫??쒗뵆 ?ㅽ뀒???뱀씪 諛??숇컯 ?꾨줈洹몃옩??泥댄뿕?????덈떎.,33.42172,126.558815,064-724-6833,https://api.cdn.visitjeju.net/photomng/imgpath/201804/30/59f7169a-ff77-4897-b161-cc36715a0244.jpg
愿愿묒?,?붾턿?섑빐?μ꽦,?쒖＜???쒖＜?쒕궡,?쒖＜?밸퀎?먯튂???쒖＜???붾턿??"臾명솕?좎쟻吏,臾명솕愿愿???궗?좎쟻,諛섎젮?숇Ъ,諛섎젮?숇Ъ?숇컲?낆옣,諛섎젮?숇Ъ?숇컲_愿愿묒?",?ㅻ옯?숈븞 ?쒖＜瑜?吏耳쒖＜???깅꼍?먯꽌 李얜뒗 ??궗???붿쟻,33.520233,126.56553,--,https://api.cdn.visitjeju.net/photomng/imgpath/201804/30/be01aeac-f80c-4f6c-ae41-a29e774a4823.jpg
愿愿묒?,遺덉뭅遺꾨궘 (遺덊?踰꾨┛ ?섎Т),?쒖＜??議곗쿇,?쒖＜?밸퀎?먯튂???쒖＜??議곗쿇???좏쓽由?1136-2,"4.3,臾명솕?좎쟻吏,臾명솕愿愿??쒖＜4.3,??궗?좎쟻,?댄듃?숈뀡",?좏쓽由ш? 珥덊넗?붾릺硫댁꽌 媛숈씠 ?붿?留?吏湲덇퍘 ?댁븘?덈뒗 ?섎Т,33.510834,126.70725,--,https://api.cdn.visitjeju.net/photomng/imgpath/201804/30/4fb1ddfc-8807-4d78-acfe-d69109727216.jpg
愿愿묒?,?쒖＜?꾩꽭?덊?,?쒓??ъ떆,以묐Ц,?쒖＜?밸퀎?먯튂???쒓??ъ떆 以묐Ц愿愿묐줈 227-24,"?꾩떆? ?됱궗,?쒖＜?꾩꽭?덊?,臾명솕怨듦컙","?쒓뎅怨??꾩꽭?덉뿉 ????댄빐 利앹쭊???꾪븳 媛뺤쥖, ?뚰겕?? 泥댄뿕?숈뒿 ???ㅼ뼇???됱궗媛 吏꾪뻾?섎뒗 ?ㅻぉ??怨듦컙",33.2446048,126.421732,null,https://api.cdn.visitjeju.net/photomng/imgpath/202305/10/888e79e8-df2e-452a-ac98-eecffc29cf4b.jpg
愿愿묒?,?좊룞猷〓??좉?,?쒖＜???쒕┝,?쒖＜?밸퀎?먯튂???쒖＜???쒕┝???⑷툑濡?906-10,"愿愿묒?,誘몄닠愿,臾명솕愿愿?嫄댁텞臾명솕湲고뻾", 嫄댁텞媛 寃??꾪떚?ㅽ듃 ?좊룞猷≪쓽 ?붿쟻???곕씪媛硫??섎굹???ㅻ━吏?먮━?겸숇? 諛쒓껄?섎뒗 怨?33.3403492,126.2709132,0507-1385-2678,https://api.cdn.visitjeju.net/photomng/imgpath/202302/24/cc407d41-94aa-4d74-8b32-43af37d10e60.jpg
愿愿묒?,4쨌3?댁썝諛⑹궗???쒖＜???쒖＜?쒕궡,?쒖＜?밸퀎?먯튂???쒖＜???좎궛濡?82,"4.3,臾명솕?좎쟻吏,臾명솕愿愿??쒖＜4.3,??궗?좎쟻,?댄듃?숈뀡",?ㅼ떆?????낆뿉 4??怨?媛숈? 鍮꾧레???щ컻?섏? ?딅룄濡??뚯쓣 ?볦븘 留뚮뱺 諛⑹궗??33.50547,126.53451,--,https://api.cdn.visitjeju.net/photomng/imgpath/201804/30/068e026d-6963-49d9-91de-7f11236e9966.jpg
愿愿묒?,?쒖＜?묐뼹紐⑹옣,?쒖＜???좎썡,?쒖＜?밸퀎?먯튂???쒖＜???좎썡???꾩튂?뚭만 289-13,"?댁떇/?먮쭅,?숇Ъ???대┛???대┛?대룞臾쇰냽??泥댄뿕,移댄럹,愿愿묒?",?명?由ш? ?놁뼱 ?숇Ъ?ㅺ낵 ?밸퀎???뚰넻??媛?ν븳 ?밸퀎??紐⑹옣,33.411151,126.3652835,064-799-7346,https://api.cdn.visitjeju.net/photomng/imgpath/202204/12/bf9fb620-77fc-4f1a-9744-f44b3004278d.jpg
愿愿묒?,諛몃윴???붽?,?쒖＜???쒖＜?쒕궡,?쒖＜?밸퀎?먯튂???쒖＜??以묒븰濡?492,"?쇱옄,?꾨씪?뚯뒪,硫붾뵒而ъ슂媛,?붽?,?댄듃?숈뀡",?붿옍???명씉???붽?? ?④퍡 湲곌뎄瑜??쒖슜???꾨씪?뚯뒪瑜?利먭꺼蹂댁옄. ?쒖＜ ?쒕궡 ?꾨씪?숈뿉 ?덈뒗 諛몃윴?깆슂媛?먯꽌???ㅼ뼇???꾨줈洹몃옩??泥댄뿕?????덈떎.,33.4791921,126.5431924,0507-1401-6542,https://api.cdn.visitjeju.net/photomng/imgpath/201809/03/7ad39f35-10a1-4db4-a616-200fb0a61122.jpg
愿愿묒?,臾듬━留덉쓣,???띿쓽 ??異붿감???쒖＜?밸퀎?먯튂???쒖＜??異붿옄硫?臾듬━,"?쇱옄,而ㅽ뵆,移쒓뎄,?댁떇/?먮쭅,留덉쓣?곗콉,留덉쓣愿愿?,議곗슜?섎㈃???됲솕濡쒖슫 ?섏텛?먯쓽 ?꾪넻?댁큿 留덉쓣,33.94865,126.31429,--,https://api.cdn.visitjeju.net/photomng/imgpath/201804/30/54b5305b-e9d3-4265-a29b-f6c6717c300e.jpg
愿愿묒?,?쇱궗???쒖＜???쒖＜?쒕궡,?쒖＜?밸퀎?먯튂???쒖＜???붾턿1??1380-1,"遺紐?而ㅽ뵆,?쇱옄,移쒓뎄,?꾩씠,臾명솕?좎쟻吏,?먯뿰寃쎄?,??궗?좎쟻,?댄듃?숈뀡",?쒖＜ ?쇱떊??怨???遺)???섏븯???붿궡??苑귦삍???뚮ł?대? 蹂닿???怨?33.521027,126.5741,064-728-2735,https://api.cdn.visitjeju.net/photomng/imgpath/201804/30/1ecfaff8-353d-4a0d-a3ee-8024c7086987.jpg
愿愿묒?,?〓졊?닿낏,?쒓??ъ떆,?⑥썝,?쒖＜?밸퀎?먯튂???쒓??ъ떆 ?⑥썝???쒖떊濡?43踰덇만 99,"4.3,臾명솕?좎쟻吏,臾명솕愿愿??쒖＜4.3,??궗?좎쟻,?댄듃?숈뀡",4.?ш굔 ?뱀떆 ?좊쾶??먭쾶 ?ъ궡??臾댁옣????쒖떊????꺼吏?怨?,33.318977,126.70537,--,https://api.cdn.visitjeju.net/photomng/imgpath/201804/30/11fada5b-01d3-4218-ae6c-dd66d65cb36f.jpg
愿愿묒?,蹂꾨룄?ш뎄,?쒖＜???쒖＜?쒕궡,?쒖＜?밸퀎?먯튂???쒖＜???붾턿1??4269-12,"?ш뎄,?대?,臾명솕?좎쟻吏,?먯뿰寃쎄?,??궗?좎쟻","?쒖＜??愿臾? ??궗 ?띿쓽 蹂꾨룄?ш뎄",33.52501,126.564995,--,https://api.cdn.visitjeju.net/photomng/imgpath/201804/30/0bc328fe-e905-46a8-b2b9-78c0dfac6b5b.jpg
愿愿묒?,議깆??ъ뒾?댁삤由??쒓??ъ떆,?쒖꽑,?쒖＜?밸퀎?먯튂???쒓??ъ떆 ?쒖꽑硫??뱀궛濡?536,"遺紐?而ㅽ뵆,?쇱옄,移쒓뎄,?꾩씠,?ㅻ쫫,?먯뿰寃쎄?,?꾨낫?ы뻾,?꾨낫,?대┛??,?먯뿰???댁븘?⑥돩??怨?33.3988071,126.7063341,null,https://api.cdn.visitjeju.net/photomng/imgpath/201804/30/803651f9-35e0-49ec-85ea-52f66b41d61e.jpg
愿愿묒?,?뗪컧留덉쓣 ?뚭만由??띿뼱珥뚯껜?섎쭏???쒖＜???좎썡,?쒖＜???좎썡???뚭만1湲?15,"泥댄뿕愿愿?移쒓뎄,而ㅽ뵆,?먮┝,?ш퀎??泥댄뿕,?꾨낫?ы뻾,?꾨낫,留덉쓣?곗콉,留덉쓣愿愿??댄듃?숈뀡",??'?щ젅'湲몄씠 洹몃?濡??댁븘 ?⑥돩??留덉쓣,33.440056,126.380005,064-799-8778,https://api.cdn.visitjeju.net/photomng/imgpath/201804/30/1929fd36-fbac-414d-aa01-b9d1110b5bbd.png
愿愿묒?,?먮룞,?쒖＜???좎썡,?쒖＜?밸퀎?먯튂???쒖＜???좎썡???뚭만由?1364 ?쇰?,"4.3,臾명솕?좎쟻吏,臾명솕愿愿??쒖＜4.3,??궗?좎쟻,?댄듃?숈뀡",1948??援곗씤?ㅼ뿉 ?섑빐 留덉쓣 二쇰? 30??紐낆씠 吏묐떒?숈궡???뱁븳 怨?,33.402027,126.3803,--,https://api.cdn.visitjeju.net/photomng/imgpath/201804/30/ebf6fb32-03a9-4bac-9da3-e3d0f48eef71.jpg
愿愿묒?,?먯?由ъ삤由?留앹삤由?,?쒖＜???쒕┝,?쒖＜?밸퀎?먯튂???쒖＜???쒕┝???곷챸由???5,"留묒쓬,嫄룰린/?깆궛,?ㅻ쫫,?먯뿰寃쎄?,?꾨낫?ы뻾,?꾨낫",?쒕┝ 16?덇꼍 '?곷챸留앸큺'??,33.3653429,126.2613767,null,https://api.cdn.visitjeju.net/photomng/imgpath/201812/19/a809a81b-e7b7-426a-85f8-c242dbc6f9f8.jpg
愿愿묒?,留뚮껨??怨듬룞?μ?,?쒖＜???쒕┝,?쒖＜?밸퀎?먯튂???쒖＜???쒕┝??媛?굅由ъ삤由꾧만 114,"臾명솕?좎쟻吏,?먯뿰寃쎄?,臾명솕愿愿???궗?좎쟻,?댄듃?숈뀡",?쒕┝吏???덈퉬寃???ъ깮???좎”?ㅼ씠 61援ъ쓽 ?쒖떊???섏뒿?섏뿬 ?덉옣??臾섏뿭,33.372234,126.2959,--,https://api.cdn.visitjeju.net/photomng/imgpath/201804/30/3d2b7694-09e1-43a7-b26c-6ae633e19565.jpg
愿愿묒?,援대룞?ш뎄,?쒖＜??援ъ쥖,?쒖＜?밸퀎?먯튂???쒖＜??援ъ쥖???대쭪?댄빐?덈줈,"?ш뎄,?대?,臾명솕?좎쟻吏,?먯뿰寃쎄?,??궗?좎쟻",?좊겮?ъ쓣 留뚮굹??媛??怨?33.514984,126.88177,--,https://api.cdn.visitjeju.net/photomng/imgpath/201804/30/28e3386a-6142-4cc1-9c3f-bc615079c965.jpg
愿愿묒?,?뺣뙐??댄꽣,?쒖＜???쒖＜?쒕궡,?쒖＜?밸퀎?먯튂???쒖＜???꾧렐?닿만 56,"諛섎젮?숇Ъ,諛섎젮?숇Ъ?숇컲?낆옣,諛섎젮?숇Ъ怨듦컙_湲고?,?좉껄誘몄슜???좉껄?명뀛,?좉껄?좎튂??,"?뺣뙐??댄꽣???대룄?숈뿉 ?꾩튂?섏뿬 諛섎젮?숇Ъ??誘몄슜, ?좎튂?? ?명뀛???댁쁺?섎뒗 怨녹씠??",33.4919382,126.4369959,null,https://api.cdn.visitjeju.net/photomng/imgpath/202212/15/016879d9-ee6a-4cb3-b5cc-c312f625168f.jpg
愿愿묒?,?숆퀎 ?뺤삩 ?좏뿀鍮??쒓??ъ떆,????쒖＜?밸퀎?먯튂???쒓??ъ떆 ??뺤쓭 ?덉꽦由?"臾명솕?좎쟻吏,臾명솕愿愿???궗?좎쟻,?댄듃?숈뀡","?쒖＜ ?ㅽ쁽???쒖궗?? ?숆퀎 ?뺤삩 ?좎깮???좏뿀鍮?,33.250454,126.27403,064-760-2505,https://api.cdn.visitjeju.net/photomng/imgpath/201804/30/9055a7ba-63aa-481a-a086-da8c4ca2afc7.jpg
愿愿묒?,議곗쿇留뚯꽭?숈궛,?쒖＜??議곗쿇,?쒖＜?밸퀎?먯튂???쒖＜??議곗쿇??議곗쿇由?1133-2,"臾명솕?좎쟻吏,遊?臾명솕愿愿???궗?좎쟻","?쒖＜ ??씪?대룞???쒖옉?? ?쒓뎅?좎뿴?ㅼ쓽 ?쇱씠 ?뱀븘?덈뒗 怨?,33.53997,126.64167,--,https://api.cdn.visitjeju.net/photomng/imgpath/201804/30/972d7d66-6d5e-42e5-bac4-d59c8a97eaab.jpg
愿愿묒?,?쏆툩?고뙗 ?묎?鍮꾧퐙,?쒖＜??議곗쿇,null,"?뚮쭏怨듭썝,?꾩씠,留묒쓬,遊??대┛???댄듃?숈뀡",?쏆툩???쒖쓽 ?묎?鍮꾧퐙 ? 紐⑥뒿.,33.41699,126.681465,--,https://api.cdn.visitjeju.net/photomng/imgpath/201804/30/37d9b2be-0533-4a91-bf2f-62e51ddd8ab3.jpg
愿愿묒?,?쒖＜?몃뵒,?쒓??ъ떆,?깆궛,?쒖＜?밸퀎?먯튂???쒓??ъ떆 ?깆궛??以묒궛媛꾨룞濡?4150-30,"?먯뿰?쇱깋,泥쒖뿰?쇱깋,泥댄뿕愿愿?泥댄뿕,?댄듃?숈뀡",?쇱텧?쒕뱶 ?꾪듃?쇳꽣 ?댁뿉 ?꾩튂???먯뿰?쇱깋 泥댄뿕愿,33.3833933,126.84245,064-782-7654,https://api.cdn.visitjeju.net/photomng/imgpath/201811/12/dad6c89c-2744-4faf-a1b2-e1cc9ebc8bba.jpg
愿愿묒?,?뺤쓽???쇨????쒓??ъ떆,?쒖꽑,?쒖＜?밸퀎?먯튂???쒓??ъ떆 ?쒖꽑硫??깆쓭由?690,"臾명솕?좎쟻吏,留묒쓬,?먯뿰寃쎄?,臾명솕愿愿???궗?좎쟻,臾댁옣?좉?愿?,吏諛⑸Ц?붿옱 7?몃줈 吏?뺣맂 ?뺤쓽 ?꾧컧???뺤궗瑜?蹂대뜕 怨?33.38825,126.800995,064-760-2505,https://api.cdn.visitjeju.net/photomng/imgpath/201804/30/1651977f-df94-4cac-8203-468838cd3b4b.jpg
愿愿묒?,?덉큹由ш린?뺢만,???띿쓽 ??異붿감???쒖＜?밸퀎?먯튂???쒖＜??異붿옄硫??덉큹由???1,"嫄룰린/?깆궛,?먯뿰寃쎄?,?꾨낫?ы뻾,?꾨낫",?덉큹由?諛붾떣媛瑜??곕씪 ???덈뒗 ?덈꼍,33.955803,126.33822,--,https://api.cdn.visitjeju.net/photomng/imgpath/201804/30/0e2e9279-b38d-493f-a252-99f3446288ed.jpg
愿愿묒?,?꾩쓽?⑹옣臾섏뿭,?쒓??ъ떆,?⑥썝,?쒖＜?밸퀎?먯튂???쒓??ъ떆 ?⑥썝??以묒궛媛꾨룞濡?6242-56,"4.3,臾명솕?좎쟻吏,臾명솕愿愿??쒖＜4.3,??궗?좎쟻,?댄듃?숈뀡",?섏쓽濡쒖슫 ?곹샎?ㅼ씠 ?④퍡 臾삵? ?덈뒗 臾섃숇씪???섎????섑쁽?섑빀?λ쵖(窈?쑴?덅뫊罌???33.350883,126.69801,--,https://api.cdn.visitjeju.net/photomng/imgpath/201804/30/1456c856-30fe-4796-be8d-bc68425712df.jpg
愿愿묒?,?뚰궓 ?ロ븯?곗뒪 ?쒖＜?좏솕?붾뱶,?쒓??ъ떆,?덈뜒,?쒖＜?밸퀎?먯튂???쒓??ъ떆 ?덈뜒硫??좏솕??궗濡?04踰덇만 38,"諛섎젮?숇Ъ,諛섎젮?숇Ъ?숇컲?낆옣,諛섎젮?숇Ъ?숇컲_?앸떦移댄럹,?좉껄誘몄슜???좉껄?명뀛,諛섎젮?숇Ъ?숇컲_愿愿묒?","?뚰궓 ?ロ븯?곗뒪 ?쒖＜?좏솕?붾뱶??媛뺤븘吏 ?놁씠???댁슜 媛?ν븳 ?좉껄移댄럹, 誘몄슜, ?좎튂?? ?명뀛源뚯? 諛섎젮?숇Ъ??泥쒓뎅 媛숈? 怨녹씠??",33.3017501,126.3206458,064-792-5659,https://api.cdn.visitjeju.net/photomng/imgpath/202212/16/f137c1d8-6976-4b47-8012-f5bcb5800fd1.jpg
愿愿묒?,湲곕룆援먯닚濡湲?2肄붿뒪(?쒓탳?섍만),?쒖＜???쒕┝,?쒖＜?밸퀎?먯튂???쒖＜???쒕┝???묒옱8湲?8,"嫄룰린/?깆궛,遊?媛??臾명솕愿愿??꾨낫?ы뻾,?꾨낫,?댄듃?숈뀡",以묒궛媛꾩쓽 ?몃Ⅸ ?ㅺ낵 ?띿?瑜?吏?섎뒗 ?쒓탳??湲?33.39475,126.2431,-3451,https://api.cdn.visitjeju.net/photomng/imgpath/201804/30/91f0d253-a40c-4b62-8fad-716f855cbb21.jpg
愿愿묒?,?붿젙?듭꽌???쒖＜??援ъ쥖,?쒖＜?밸퀎?먯튂???쒖＜??援ъ쥖???대쭪?댄빐?덈줈 486,"援ъ쥖?? ?붿젙由? ?쒗븨, ?댁깋泥댄뿕",?먮찓?꾨뱶鍮??붿젙?대??먯꽌 利먭린???쒗븨,33.5547934,126.7986457,0507-1426-9025,https://api.cdn.visitjeju.net/photomng/imgpath/202306/19/8df43240-4a5a-4c2a-b1fa-f2a9bb4e8b8f.jpg
愿愿묒?,?⑤Ц吏紐??쒓??ъ떆,????쒖＜?밸퀎?먯튂???쒓??ъ떆 ??뺤쓭 ?몄꽦由?392,"臾명솕?좎쟻吏,?먯뿰寃쎄?,臾명솕愿愿???궗?좎쟻",異붿궗???좊같?쒖젅 紐⑥뒿??洹몃┛ ?낆꽍???몄썙???덈뒗 怨?33.24656,126.276405,064-794-2618,https://api.cdn.visitjeju.net/photomng/imgpath/201804/30/f4a30612-ccad-4b5a-9a86-c26737ce3f4a.jpg
愿愿묒?,泥쒖??곌린?뺢만,?쒓??ъ떆,?쒓??ъ떆???쒖＜?밸퀎?먯튂?꾩꽌洹?ъ떆 ?쒓???961-33,"??룷,嫄룰린/?깆궛,?먯뿰寃쎄?,?꾨낫?ы뻾,?꾨낫",泥쒖?????룷瑜??덉뿉 ?댁쓣 ???덈뒗 湲?33.24862824,126.5554081,--,https://api.cdn.visitjeju.net/photomng/imgpath/201804/30/736b02f2-20ee-49ee-8120-df4a9a80defd.jpg
愿愿묒?,?꾨Ц??媛議??쏅쵖,?쒓??ъ떆,?덈뜒,?쒖＜?밸퀎?먯튂???쒓??ъ떆 ?덈뜒硫??숆킅由?807-4,"4.3,臾명솕?좎쟻吏,臾명솕愿愿??쒖＜4.3,??궗?좎쟻,?댄듃?숈뀡",?숆킅?↔굅由??멸렐 諛?뿉 議곗꽦???ъ깮??9紐낆쓽 ?쏅쵖,33.30914,126.340614,--,https://api.cdn.visitjeju.net/photomng/imgpath/201804/30/c4c36e19-7142-4c97-9eef-d5c35e61d3db.jpg
愿愿묒?,?쒖＜遺덇탳?깆? ?쒕?湲??덈줈 媛?붽만 - ?뺤쭊??湲??쒓??ъ떆,?쒓??ъ떆???쒖＜?밸퀎?먯튂???쒓??ъ떆 ?곸떎濡?246 (?섏썝??,"嫄룰린/?깆궛,留묒쓬,臾명솕愿愿??꾨낫?ы뻾,?꾨낫,?댄듃?숈뀡","李몃굹瑜?李얠븘 ?좊굹??湲? '?섑뻾???좏뻾'",33.3402,126.47921,--,https://api.cdn.visitjeju.net/photomng/imgpath/201804/30/49c811f0-0490-4650-a6ed-160fa95689de.jpg
愿愿묒?,?쒖＜ 罹섎━?꾪듃,?쒖＜???쒖＜?쒕궡,?쒖＜?밸퀎?먯튂???쒖＜???⑥꽦濡?3湲?6,"?쒖＜?쒕궡, ?곕뱶踰꾨떇泥댄뿕, 罹섎━洹몃씪?? ?댁깋泥댄뿕",?섎? ?댁븘????媛믪쭊 ?곕뱶踰꾨떇 泥댄뿕,33.5097314,126.5217403,010-2420-3585,https://api.cdn.visitjeju.net/photomng/imgpath/202306/20/4981e972-1e30-4634-b31d-0fa70039c6d8.jpg
愿愿묒?,誘몃씈戮,?쒓??ъ떆,?쒓??ъ떆???쒖＜?밸퀎?먯튂???쒓??ъ떆 ?좎꽌洹濡?3,"?μ닔, 痍⑦뼢, ?몄꽱?? 鍮꾨늻, 罹붾뱾, ?ㅻ툕?? ?щ떇?由щ뜲?댁씤?쒖＜", ?쒖＜瑜??κ린濡??댁븘?대뒗 怨듦컙,33.2500246,126.509114,010-8021-0930,https://api.cdn.visitjeju.net/photomng/imgpath/202307/26/ee33b035-c4d0-43df-9b42-7fdd84a6021c.jpg
愿愿묒?,?곕룄 ?앹꽦?댁퐫吏,???띿쓽 ???곕룄,?쒖＜?밸퀎?먯튂???쒖＜???곕룄硫??고룊由?"寃쎄?/?ы넗,留묒쓬,?먯뿰寃쎄?,?ы넗?ㅽ뙚",?щ젅1-1肄붿뒪,33.50332,126.95568,--,https://api.cdn.visitjeju.net/photomng/imgpath/201804/30/28eb8579-58bd-424e-8bab-0b88c84ff8f5.jpg
愿愿묒?,?뷀떚 ?ㅻ젋吏,?쒓??ъ떆,?깆궛,?쒖＜?밸퀎?먯튂???쒓??ъ떆 ?깆궛???좎궛以묒븰濡?36,"泥댄뿕, 怨듭삁, ?고봽?? ?ъ쑀怨듭삁???먮뜲?댄겢?섏뒪, ?щ떇?由щ뜲?댁씤?쒖＜",?쒖＜ 洹ㅼ갹怨좊? 媛쒖“???뷀떚 ?ㅻ젋吏?먯꽌 ?곕쑜?ш렐???고봽?낆쓽 留ㅻ젰???먭뺨蹂댁옄,33.3784681,126.8784858,0507-1498-0926,https://api.cdn.visitjeju.net/photomng/imgpath/202307/26/d96518f9-aaec-44e4-96fa-b10d02ee041b.jpg
愿愿묒?,?쒕씪???쒖＜???쒖＜?쒕궡,?쒖＜?밸퀎?먯튂???쒖＜???⑸떞濡?0湲?28,"諛섎젮?숇Ъ,諛섎젮?숇Ъ?숇컲?낆옣,諛섎젮?숇Ъ怨듦컙_湲고?,?좉껄誘몄슜??,?쒕씪?レ? ?쒖＜ 怨듯빆 洹쇱쿂???꾩튂??諛섎젮寃?誘몄슜?ㅼ씠??,33.5078807,126.5134968,null,https://api.cdn.visitjeju.net/photomng/imgpath/202212/15/94399bc4-07db-40bd-bb99-4b16603f1b85.jpg
愿愿묒?,諛깆젣???쒖＜???좎썡,?쒖＜???좎썡??愿묐졊??湲?54 諛깆젣??"?ㅻ궡,臾명솕?좎쟻吏,?먮┝,留묒쓬,?ш퀎??臾명솕愿愿???궗?좎쟻,?댄듃?숈뀡",?먯뿰移쒗솕?곸씤 ?쒓뎅???ъ같臾명솕瑜?泥댄뿕?????덈뒗 ?꾨웾?대떎.,33.448807,126.42422,064-746-8009,https://api.cdn.visitjeju.net/photomng/imgpath/201804/30/0b181426-b99f-4a34-a51d-7b8711057f40.png
愿愿묒?,?쒕궓?섏닕???쒓??ъ떆,????쒖＜?밸퀎?먯튂???쒓??ъ떆 ??뺤쓭 異붿궗濡?"臾명솕?좎쟻吏,臾명솕愿愿???궗?좎쟻,?댄듃?숈뀡",??뺤???쓽 ??쒖쟻??3? ?섏닕 以묒쓽 ?섎굹濡?誘쇱”援먯쑁???ㅼ떆?덈뜕 ?꾨?援먯쑁湲곌????쒕궓?섏닕???몄썙議뚮뜕 怨?33.251087,126.27711,064-760-2505,https://api.cdn.visitjeju.net/photomng/imgpath/201804/30/4be81e47-49e2-46e4-b42c-52756aff70e5.jpg
愿愿묒?,臾대쫱?먯쟾嫄곕룄濡??섏긽?먯쟾嫄곌만 3援ш컙),?쒖＜???쒓꼍,null,"?먯쟾嫄??섏긽?먯쟾嫄곕룄濡?臾대쫱,?좎갹,?닿굅由꾨쭏?꾧났???쇱씠???먯뿰寃쎄?,泥댄뿕,?명깮???댄듃?숈뀡,?쒕씪?대툕","?닿굅由꾨쭏?꾧났?먯뿉?쒕????≪븙?곌퉴吏 ?댁뼱吏???섏긽?먯쟾嫄곌만 3援ш컙? ?쒖＜ ?뚭퇋紐??댄빆 以묒뿉 媛???ロ뵆?덉씠?ㅼ씤 ?먰룷?ш뎄, ?댁긽?띿감濡??댁븞?꾨줈???꾨쫫?ㅼ????뷀븳 ?좎갹?띿감?댁븞?꾨줈, ?쒖＜ ????쇰ぐ??紐낆냼 ?섏썡遊? 李④??? 留뚮궓??利먭굅???媛吏???뺤삤?쇱떆?? 怨좎쫰?됲븳 ?ъ쑀瑜?媛吏??≪븙?곌퉴吏 ?ㅼ뼇???쒖＜???꾨쫫?ㅼ???留뚮굹怨?利먭만 ???덈뒗 肄붿뒪?대떎.",null,null,null,https://api.cdn.visitjeju.net/photomng/imgpath/202007/10/cab2e50a-610a-4940-96b1-b76be9ec83b1.jpg
愿愿묒?,?ъ깮?????띿쓽 ??異붿감???쒖＜?밸퀎?먯튂???쒖＜??異붿옄硫??좎뼇由???87,"?댁떇/?먮쭅,?먯뿰寃쎄?",?띻꼍???꾨쫫?ㅼ슫 異붿옄???⑥そ 臾댁씤??33.939816,126.31154,--,https://api.cdn.visitjeju.net/photomng/imgpath/201804/30/34d4c936-709e-48db-a7f8-bd1305bd9248.jpg
愿愿묒?,異붿옄?깅?,???띿쓽 ??異붿감???쒖＜?밸퀎?먯튂???쒖＜??異붿옄硫??곹씎由?77-3,"?깅?,寃쎄?/?ы넗,留묒쓬,媛???ы넗?ㅽ뙚",異붿옄 10寃쎌쓽 ?섎굹濡??곸텛?먮룄 ?꾧꼍??議곕쭩?섎뒗 怨?33.9568,126.297806,--,https://api.cdn.visitjeju.net/photomng/imgpath/201804/30/d46383be-0c6f-4d4c-b13f-2842c2fde69d.jpg
愿愿묒?,?쒖＜ ?섏＜,?쒖＜???좎썡,?쒖＜?밸퀎?먯튂???쒖＜???좎썡???좎썝濡?283,"?좎썡, ?꾪넻二? ?ㅻ찓湲곗닠, ?댁깋泥댄뿕",?뚭퀬 留덉떆硫???留쏅궃 ?쒖＜?꾪넻二?泥댄뿕,33.4102243,126.3758566,064-799-4225,https://api.cdn.visitjeju.net/photomng/imgpath/202306/20/01c36323-f972-467d-ad87-b22b97b460ee.jpg
愿愿묒?,?쒖＜?뚮━,?쒖＜???쒖＜?쒕궡,?쒖＜?밸퀎?먯튂???쒖＜???좊?濡?0湲?55,"誘쇱슂,?몃옒,紐낆갹,?몃룞???щ떇?由щ뜲?댁씤?쒖＜",?쒖＜ 誘쇱슂???뱀븘?덈뒗 ?쒖＜ ?щ엺?ㅼ쓽 ?댁빞湲?33.4908202,126.4906809,010-9087-2953,https://api.cdn.visitjeju.net/photomng/imgpath/202307/26/69d23541-f6de-446f-9df1-442a69c72dc7.jpg
愿愿묒?,?쒖＜???쒖＜???좎썡,?쒖＜?밸퀎?먯튂???쒖＜???좎썡???⑹쓭?⑤줈 65,"泥댄뿕愿愿??꾩씠,李??대┛???댄듃?숈뀡",?쒖＜議곕┸?濡?留뚮뱶???κ툔??李?泥댄뿕???????덈뒗 怨?33.4310983,126.3293946,010-7644-0391,https://api.cdn.visitjeju.net/photomng/imgpath/201811/29/0536ea75-aa3e-4654-8e52-ededbaca7293.jpg
愿愿묒?,??섑룷援??쒖＜???쒕┝,?쒖＜?밸퀎?먯튂???쒖＜???쒕┝???섏썝由?1027-7,"?ш뎄,?대?,臾명솕?좎쟻吏,?먯뿰寃쎄?,??궗?좎쟻",鍮꾩뼇?꾧? 蹂댁씠???묎퀬 ?꾨떞???ш뎄,33.426956,126.27057,--,https://api.cdn.visitjeju.net/photomng/imgpath/201804/30/5e5e9a70-c1bd-47ea-9421-c96ca1a01282.jpg
愿愿묒?,?뷀옄?섏슦?ㅼ뒪???쒖＜???쒕┝,?쒖＜?밸퀎?먯튂???쒖＜???쒕┝???쒖갹濡?925-122,"?먮쭅,?ㅽ뙆,?댄듃?숈뀡","?쒖＜??泥?젙??洹몃?濡??좎????먯뿰???덉뿉 ?덇꺼 洹??띿뿉???댁떇怨??뚮났, 洹몃줈遺???좎껜 ?섏씠瑜??섎룎由щ뒗 ???꾩???二쇰뒗 ?먯뿰二쇱쓽 ?ㅽ뙆, ?뷀옄?섏슦?ㅼ뒪?뚭? 諛붾줈 洹멸납?대떎. ?뷀옄?섏슦?ㅼ뒪?뚮뒗 釉붾옓?ㅽ넠 怨⑦봽?명뀛 ?⑥? ?댁뿉 ?꾩튂?섍퀬 ?덉쑝硫??몄븞??遺꾩쐞湲곗? ?꾨????쒖꽕??媛뽰텣 ?꾨Ц ?ㅽ뙆?? ",33.355577,126.3056877,064-795-2380,https://api.cdn.visitjeju.net/photomng/imgpath/202010/07/63cccfd1-f566-4aa5-bdee-b96c470384c6.jpg
愿愿묒?,以묐Ц?됰떖?대?(?댁궛臾?,?쒓??ъ떆,以묐Ц,?쒖＜?밸퀎?먯튂???쒓??ъ떆 以묐Ц愿愿묐줈72踰덇만 114,"遺紐?而ㅽ뵆,?쇱옄,移쒓뎄,?꾩씠,寃쎄?/?ы넗,?댁떇/?먮쭅,?ш퀎??泥?뀈,以??λ뀈,?댁떇/移섏쑀,?먯뿰寃쎄?,?ы넗?ㅽ뙚,?대┛??,?쒗띁?ㅼ쓽 泥쒓뎅?대씪 遺덈┫ 留뚰겮 ?뚮룄媛 ?믪븘 ?щ쫫?먮뒗 ?ㅼ씠?섎????댁닔?뺤쓣 利먭린?ㅻ뒗 ?щ엺?ㅻ줈 ?몄궛?명빐瑜??대（??以묐Ц?됰떖?대?.,33.24497249,126.4116462,064-760-4993,https://api.cdn.visitjeju.net/photomng/imgpath/201807/04/7948c7eb-345d-4c9a-96cd-5f583d325abb.jpg
愿愿묒?,?쒕Ⅴ荑곕떎ATV IN ?곹슚,?쒓??ъ떆,?쒓??ъ떆???쒖＜?밸퀎?먯튂???쒓??ъ떆 516濡?619,"移쒓뎄,?꾩씠,留묒쓬,?뚮쭏怨듭썝,泥댄뿕愿愿??≫떚鍮꾪떚, ?쒓??? ?곹슚?? ATV, 怨띠옄??,怨띠옄???덉? ?뀁뿉??吏쒕┸??ATV泥댄뿕,33.3037607,126.598499,070-8806-5999,https://api.cdn.visitjeju.net/photomng/imgpath/202306/16/0925e9d4-7bb9-4fb4-b9cc-2b8504df074e.jpg
愿愿묒?,?꾨씈?ㅻ뼹21,?쒓??ъ떆,?덈뜒,?쒖＜?밸퀎?먯튂???쒓??ъ떆 ?덈뜒硫??숆킅蹂몃룞濡?14-5,"?댁떇/?먮쭅,?꾩떆? ?됱궗, 洹몃┝, 誘몄닠, ?섏콈?? ?꾪겕由댄솕, ?좏솕, ?щ떇?由щ뜲?댁씤?쒖＜", 洹몃┝??洹몃━硫??됰났??李얜뒗 怨?33.307352,126.3379638,0507-1350-5127,https://api.cdn.visitjeju.net/photomng/imgpath/202307/26/49dcdf5e-d614-4610-b14b-59d9ef48044a.jpg
愿愿묒?,?덉큹由ы빐蹂,???띿쓽 ??異붿감???쒖＜?밸퀎?먯튂???쒖＜??異붿옄硫??덉큹由?"?대?,寃쎄?/?ы넗,而ㅽ뵆,?쇱옄,留묒쓬,?먯뿰寃쎄?,?ы넗?ㅽ뙚",?묒??덉큹?묒?,33.95313,126.33361,--,https://api.cdn.visitjeju.net/photomng/imgpath/201804/30/6701657b-2f41-464b-bf63-f24f7dbb7b99.gif
愿愿묒?,李멸뎬鍮꾩“?뺣Ъ,???띿쓽 ??異붿감??null,"?ы넗?ㅽ뙚,遺紐?移쒓뎄,而ㅽ뵆,?쇱옄,?댁떇,鍮?諛붾엺/???덇컻/?먮┝,留묒쓬,遊??щ쫫,媛??寃⑥슱,以??λ뀈,泥?뀈,?몃뀈,?댄듃?숈뀡",異붿옄?꾩쓽 ?곸쭠??李멸뎬鍮?議고삎臾?33.952576,126.30432,--,https://api.cdn.visitjeju.net/photomng/imgpath/201804/30/ba79277b-e2cd-4dde-8201-5e44abc7ebed.jpg
愿愿묒?,諛섏튂???ъ쭊愿,?쒖＜???좎썡,?쒖＜?밸퀎?먯튂???쒖＜???좎썡???μ쟾濡?109-17,"移대찓?? ?ъ쭊, 異쒖궗, ?띻꼍, 諛붾떣媛, ?ㅻ쫫, 怨⑤ぉ湲? ?먮룄?? ?щ떇?由щ뜲?댁씤?쒖＜", 移대찓???뚯쫰瑜??듯빐 ?쒖＜ ?ㅼ뿬??蹂닿린,33.4521446,126.3892699,010-2771-9911,https://api.cdn.visitjeju.net/photomng/imgpath/202307/26/a871d3c3-5954-4130-8d2e-1737308f0e9d.jpg
愿愿묒?,?좏씎由??숇갚 & ?λ굹臾닿만,?쒓??ъ떆,?⑥썝,null,"而ㅽ뵆,移쒓뎄,留묒쓬,寃쎄?/?ы넗,寃⑥슱,泥?뀈,?댁떇/移섏쑀,?먯뿰寃쎄?,泥댄뿕,?꾨낫?ы뻾,?꾨낫,?숇갚,?ы넗?ㅽ뙚,愿愿묒?","?숇갚 ?쒖쫵?먮뒗 珥덇꺼?몃????대Ⅸ 遊꾧퉴吏 留롮? ?대뱾??李얜뒗 紐낆냼?대떎. ?щ옒醫낅룞諛? ?좉린?숇갚, 移대꽕?댁뀡 ?숇갚 ???ㅼ뼇???숇갚???곕━瑜?諛섍릿?? 苑껋씠 ?쇰뒗 ?쒓린媛 ?숇갚留덈떎 ?ㅻⅤ??媛??뚮쭏???ㅻⅨ ?숇갚??留뚮궇 ???덈떎.",null,null,null,https://api.cdn.visitjeju.net/photomng/imgpath/202109/01/16786f18-d226-404c-adab-808928fc4436.JPG
愿愿묒?,異붿뼲?좉굅由??쒖＜???쒖＜?쒕궡,?쒖＜?밸퀎?먯튂???쒖＜???꾧났濡?3-3,"?ы넗?ㅽ뙚,嫄룰린/?댁떇",?숈떖???먭레?섎뒗踰쏀솕? 議고삎臾쇰뱾???덈뒗 ?꾨몢??異붿뼲????嫄곕━.\n,33.505996,126.4657678,null,https://api.cdn.visitjeju.net/photomng/imgpath/201812/19/106788de-e412-49de-912c-c3aa7a068f96.JPG
愿愿묒?,沅곷??ㅻ쫫(沅곷???,?쒓??ъ떆,?깆궛,?쒖＜?밸퀎?먯튂???쒓??ъ떆 ?깆궛??湲덈갚議곕줈 446,"遺紐?而ㅽ뵆,移쒓뎄,寃쎄?/?ы넗,?댁떇/?먮쭅,?뚮쭏怨듭썝,?ㅻ쫫,?ш퀎??泥?뀈,以??λ뀈,?댁떇/移섏쑀,?먯뿰寃쎄?,?꾨낫?ы뻾,?꾨낫,?ы넗?ㅽ뙚","?ㅻ쫫??紐⑥뼇?덇? 留덉튂 ?쒖쿂???앷린怨? ?ㅻ쫫 ?덈━????沅겶룟폆)??紐⑥뼇???좉? ?섎윭???덉뼱 沅곷??ㅻ쫫, ?쒖옄濡?沅곷???凉볟마略??쇰줈 遺덈━???ㅻ쫫.\r\n",33.4405616,126.8220889,064-787-4711,https://api.cdn.visitjeju.net/photomng/imgpath/201911/19/1d3d1dd4-41ba-46db-a627-cf393da6c757.JPG
愿愿묒?,?쒖＜遺덇탳?깆? ?쒕?湲??덈줈媛?붽만 - ?좎젙??湲??쒓??ъ떆,?쒓??ъ떆???쒖＜?밸퀎?먯튂???쒓??ъ떆 516濡?71踰덇만 59,"嫄룰린/?깆궛,?먮┝,遊?媛??臾명솕愿愿??꾨낫?ы뻾,?꾨낫,?댄듃?숈뀡",?대━?앹쓬?먯꽌 踰쀬뼱??吏?쒖쓽 湲?33.319935,126.59309,--,https://api.cdn.visitjeju.net/photomng/imgpath/201804/30/a40f8602-2f44-4162-82cb-e794fe88a36f.jpg
愿愿묒?,?쒗봽?쒗봽,?쒖＜??援ъ쥖,?쒖＜?밸퀎?먯튂???쒖＜??援ъ쥖???대쭪?댄빐?덈줈 468,"援ъ쥖?? ?붿젙由? ?쒗븨, ?댁깋泥댄뿕",?낅Ц?먯뿉寃???留욌뒗 ?붿젙 ?쒗븨泥댄뿕,33.5553336,126.7966229,0507-1366-3987,https://api.cdn.visitjeju.net/photomng/imgpath/202306/19/c539f1dd-755f-46cc-aaa3-edcf84775884.jpg
愿愿묒?,遺??낆삤由??쒖＜??議곗쿇,?쒖＜?밸퀎?먯튂???쒖＜??議곗쿇???좏쓽由???103,"?ㅻ쫫,嫄룰린/?깆궛,?먯뿰寃쎄?,?꾨낫?ы뻾,?꾨낫",?쇱젣?쒕? ???쇰낯援?遺?媛 二쇰몦?덈떎 ?섏뿬 遺숈뿬吏?遺???33.46732272,126.7014494,null,https://api.cdn.visitjeju.net/photomng/imgpath/201804/30/0cd143ec-71e7-45bc-b367-052f8b6be5d2.jpg
愿愿묒?,?쇰젅釉먰봽由щ떎?대튃 ?쒖＜?쇳꽣,?쒓??ъ떆,?쒓??ъ떆???쒖＜?밸퀎?먯튂???쒓??ъ떆 ?됰떖濡?8,"?쒓??? ?됰떖?? ?꾨━?ㅼ씠鍮? ?댁깋泥댄뿕",諛붾떎瑜??좎쁺?섎뒗 ?됰떎瑜??ㅼ씠鍮?泥댄뿕,33.259137,126.4049584,0507-1308-6353,https://api.cdn.visitjeju.net/photomng/imgpath/202306/19/142d42c8-9914-4158-ae7c-824cf8d2dab7.jpg
愿愿묒?,?뚯닔?곕큺(議깆?臾쇰ゼ),?쒓??ъ떆,?깆궛,?쒖＜?밸퀎?먯튂???쒓??ъ떆 ?깆궛??怨좎꽦由?887,"?ㅻ쫫,遺紐?而ㅽ뵆,?쇱옄,移쒓뎄,?꾩씠,?먯뿰寃쎄?,?대┛??,?꾨쫫?ㅼ슫 ?쇱텧遊됯낵 愿묒튂湲??댁븞??蹂????덈뒗 怨?33.43848759,126.9018207,null,https://api.cdn.visitjeju.net/photomng/imgpath/201804/30/723f4cb4-fc35-4143-a188-dc1ea2b75aaa.jpg
愿愿묒?,?좎궛?섑빐?μ꽦,?쒓??ъ떆,?깆궛,?쒖＜?밸퀎?먯튂???쒓??ъ떆 ?깆궛???좎궛由?"臾명솕?좎쟻吏,?먮┝,?먯뿰寃쎄?,臾명솕愿愿???궗?좎쟻",?먯뿰?쇰줈 鍮싳? ?깅꼍,33.38476,126.86652,--,https://api.cdn.visitjeju.net/photomng/imgpath/201804/30/50b74127-5ff5-4df2-9579-2cb85952184d.jpg
愿愿묒?,?깆쓭?밸쭏???쒓??ъ떆,?쒖꽑,?쒖＜?밸퀎?먯튂???쒓??ъ떆 ?쒖꽑硫?踰덉쁺濡?2650,"?밸쭏,?≫떚鍮꾪떚,泥댄뿕,?덉?/泥댄뿕,?댄듃?숈뀡",30???꾪넻 ?꾨궡 理쒕? 湲몄씠???쒖＜ 理쒖큹 ?밸쭏??33.398746,126.78733,064-787-5324,https://api.cdn.visitjeju.net/photomng/imgpath/201804/30/69a0bd54-97fa-49b5-b59e-5986b8e48ecf.jpg
愿愿묒?,泥?닔?깃껐援먰쉶,?쒖＜???쒓꼍,?쒖＜?밸퀎?먯튂???쒖＜???쒓꼍硫???쒕줈 1067,"?댁떇/?먮쭅,援먰쉶,?ㅻ궡愿愿묒?,臾명솕愿愿??댄듃?숈뀡",泥?닔由щ쭏???泥?궪嫄곕━???덈뒗 留덉쓣 援먰쉶 \n,33.3251954,126.2558439,064-773-0705,https://api.cdn.visitjeju.net/photomng/imgpath/201812/21/e2627d53-0921-44f1-8a21-412e79dfe3f9.JPG
愿愿묒?,留덈씪?꾧린?먯젙?????띿쓽 ??留덈씪???쒖＜?밸퀎?먯튂???쒓??ъ떆 ??뺤쓭 留덈씪濡?87,"臾명솕?좎쟻吏,臾명솕愿愿???궗?좎쟻,?댄듃?숈뀡",?곕━?섎씪 援?넗 理쒕궓??留덈씪?꾩뿉 ?꾩튂????쒕텋援?議곌퀎醫??ъ같,33.115997,126.26655,064-792-8518,https://api.cdn.visitjeju.net/photomng/imgpath/201804/30/3329dde9-717a-4abf-8276-fa37461df58c.jpg
愿愿묒?,?쒖＜移쒓뎄,?쒓??ъ떆,?쒓??ъ떆???쒖＜?밸퀎?먯튂???쒓??ъ떆 ?숉솉濡?149,"而ㅽ뵆,移쒓뎄,泥댄뿕愿愿?泥댄뿕,?댄듃?숈뀡,愿愿묒?",?쒓????쒕궡 ?λ낫??諛??꾧린?먯쟾嫄????null,null,064-9000-7000,https://api.cdn.visitjeju.net/photomng/imgpath/202104/07/4b7dbb4a-f898-4672-9df4-f5d4cfed2d88.jpg
愿愿묒?,?숈븣?ㅻ쫫,?쒓??ъ떆,????쒖＜?밸퀎?먯튂???쒓??ъ떆 ??뺤쓭 ?곷え由?153,"?쇰ぐ,?ㅻ쫫,嫄룰린/?깆궛,?먯뿰寃쎄?,?꾨낫?ы뻾,?꾨낫",????쓽 洹몃┝怨쇨컳? 寃쎌튂瑜?媛꾩쭅???숈븣?ㅻ쫫,33.207508,126.28816,null,https://api.cdn.visitjeju.net/photomng/imgpath/201804/30/5a9fb3de-c52e-453c-b85e-37cacd348016.jpg
愿愿묒?,?щ젅諛붾떦泥댄뿕留덉쓣,?쒖＜???쒕┝,?쒖＜?밸퀎?먯튂???쒖＜???쒕┝???쒕┝?댁븞濡?267-6,"?쒕┝, ?뚯슦?싳떆, ?댁깋泥댄뿕",?대┛?대룄 ?쎄쾶 利먭린??諛붾떎?싳떆 泥댄뿕??33.4254747,126.2642096,064-796-7222,https://api.cdn.visitjeju.net/photomng/imgpath/202306/19/3346a943-f2df-4b2b-b425-a52aeeb6992c.jpg
愿愿묒?,?댁쓬???띿옣,?쒓??ъ떆,?⑥썝,?쒖＜?밸퀎?먯튂???쒓??ъ떆 ?⑥썝???꾨?由?4137-1,"泥댄뿕,?쇱깋泥댄뿕,?먮쭅,?댄듃?숈뀡","履쎈튆 ?섎뒛 ?꾨옒 媛먭랠諛?뿉 吏곸젒 留뚮뱺 履쎈튆 ?먯닔嫄댁쓣 ?먯뿀?? ??移쒓뎄??媛먮Ъ ?쇱깋?쇰줈 留뚮뱺 議곌렇留??뚯슦移섎? 留먮졇?? ?꾪넻 媛먭랠諛?뿉??媛먭랠?곌린泥댄뿕, ?꾪넻 媛먮Ъ?쇱깋泥댄뿕???듯빐 ?먯떊留뚯쓽 ?묓뭹??留뚮뱾??蹂????덈뒗 怨녹씠 ?덈떎. ?쒖＜??泥쒖뿰 ?쇱깋 湲곕쾿??洹몃?濡??쒖슜???쒓??ъ떆 ?⑥썝???꾨?由ъ뿉 ?꾩튂??泥쒖뿰?쇱깋泥댄뿕??'?댁쓬?? 援먯쑁?띿옣?대떎.",33.275292,126.6686352,064-764-3773,https://api.cdn.visitjeju.net/photomng/imgpath/202010/07/274d18fe-d03a-434d-a837-851bc9e67ea4.jpg
愿愿묒?,?몃갚?щ젅?ㅽ듃,?쒓??ъ떆,?⑥썝,?쒖＜?밸퀎?먯튂???쒓??ъ떆 ?⑥썝???쒖꽦濡?544-97,"?쒓??? ?⑥썝, ?묒뿼?? 紐⑹옣, ?띿옣",?몃갚?섎Т ?뀁뿉??留뚮굹??洹?ъ슫 ?묒뿼??33.3176598,126.6598379,064-805-5099,https://api.cdn.visitjeju.net/photomng/imgpath/202306/20/a0b96d1d-04c2-46a9-9479-5ff95d231936.jpg
愿愿묒?,洹몃??ㅼ쓽 湲?섎떎,?쒖＜???쒖＜?쒕궡,?쒖＜?밸퀎?먯튂???쒖＜??二쇰Ⅴ?덈궓湲?25,"?ъ꽦,湲?섎떎,?묎?,湲?곌린,梨? ?щ떇?由щ뜲?댁씤?쒖＜","'?꾨쭏??二쇰???, '?ㅻ뱶由ы뻺踰덉씠 ?섎뒗 留??????源?ъ슜 ?묎?媛 ?쒖＜?먯꽌 湲?곌린 媛뺤쥖瑜?吏꾪뻾?쒕떎.",33.4413569,126.4823157,010-3531-2129,https://api.cdn.visitjeju.net/photomng/imgpath/202307/26/67115d19-e42b-40b4-957f-c2744947ad7b.jpg
愿愿묒?,"?덈뀞, ?곸씠 移쒓뎄??,?쒖＜???쒖＜?쒕궡,?쒖＜?밸퀎?먯튂???쒖＜???꾨?7湲?47,"諛섎젮?숇Ъ,諛섎젮?숇Ъ?숇컲?낆옣,諛섎젮?숇Ъ怨듦컙_湲고?,?좉껄誘몄슜??,"?덈뀞, ?곸씠 移쒓뎄?ㅼ? 諛곕깈 誘몄슜, ??뺢껄, ?щ굹??移쒓뎄(湲띿젙&?덉쑁&?됰룞援먯젙) ?꾨Ц 諛섎젮寃?誘몄슜?ㅼ씠?? ",33.4261379,126.5626925,010-2070-4225,https://api.cdn.visitjeju.net/photomng/imgpath/202212/15/88d9687f-703a-43be-acae-13801299687d.jpg
愿愿묒?,?먮━???쒖＜???좎썡,?쒖＜?밸퀎?먯튂???쒖＜???좎썡??遊됱꽦由?1410 ?쇰?,"4.3,臾명솕?좎쟻吏,?먯뿰寃쎄?,臾명솕愿愿??쒖＜4.3,??궗?좎쟻,?댄듃?숈뀡",?좊쾶???珥덊넗?붿옉?꾩쑝濡??щ씪吏?留덉쓣??,33.40464,126.32806,--,https://api.cdn.visitjeju.net/photomng/imgpath/201804/30/cf54027f-9577-4a9d-ae40-e5e40172a8f6.jpg
愿愿묒?,?좎쥌??쑀?듯듅援ш탳?섏궪?ㅼ닔留덉쓣,?쒖＜??議곗쿇,?쒖＜?밸퀎?먯튂???쒖＜??議곗쿇??援먮옒由?"泥댄뿕愿愿?留덉쓣?곗콉,留덉쓣愿愿??댄듃?숈뀡",?쇰떎??蹂몄궗媛 ?덈뒗 ?쇰떎??留덉쓣,33.427616,126.66658,064-784-7146,https://api.cdn.visitjeju.net/photomng/imgpath/201804/30/7b8904ff-16aa-41b0-8d49-0dfd7ffc4148.jpg
愿愿묒?,?먯퐫?밸쭏?꾩뭅?곕?,?쒖＜??議곗쿇,?쒖＜?밸퀎?먯튂???쒖＜??議곗쿇??鍮꾩옄由쇰줈 1065,"議곗쿇, 援먮옒由? ?밸쭏, ?댁깋泥댄뿕",?곌굅吏??뀁냽?먯꽌 利먭린???밸쭏 泥댄뿕,33.4180631,126.6534847,064-747-2563,https://api.cdn.visitjeju.net/photomng/imgpath/202306/19/a0bc3f37-c8d7-4b32-8b59-0bb59b815d86.jpg
愿愿묒?,嫄곗튇?ㅻ쫫,?쒖＜???쒖＜?쒕궡,?쒖＜?밸퀎?먯튂???쒖＜??紐낅┝濡?520 (遊됯컻??,"遺紐?而ㅽ뵆,?쇱옄,移쒓뎄,留묒쓬,?ㅻ쫫,?먯뿰寃쎄?,?꾨낫?ы뻾,?꾨낫",?몃（媛 ?곗뼱?몃뒗 嫄곗튇?ㅻ쫫,33.445274,126.61945,064-728-3611,https://api.cdn.visitjeju.net/photomng/imgpath/201804/30/b0f73dec-a1c6-4318-aff8-d8d582efd429.jpg
愿愿묒?,?곸텛?먮쭏?꾧만,???띿쓽 ??異붿감???쒖＜?밸퀎?먯튂???쒖＜??異붿옄??異붿옄硫?"而ㅽ뵆,移쒓뎄,留묒쓬,嫄룰린,?꾨낫?ы뻾,?꾨낫,留덉쓣?곗콉,留덉쓣愿愿?,?곸텛?먮룄???쒖＜?щ젅湲?8-1肄붿뒪??珥덉엯,33.947014,126.3201,--,https://api.cdn.visitjeju.net/photomng/imgpath/201804/30/46be4cd6-f179-4d09-972b-8da72f8593e8.gif
愿愿묒?,媛ㅻ윭由? 以묒꽑?띿썝,?쒖＜???쒖＜?쒕궡,?쒖＜?밸퀎?먯튂???쒖＜???곹룊湲?269,"?쇱옄,誘몄닠/諛뺣Ъ愿,?ш퀎???꾩떆,?덉닠,臾명솕,移댄럹,?ㅻ궡愿愿묒?,?댄듃?숈뀡",媛먭랠?띿옣???덈컮轅덊븳 媛ㅻ윭由?33.478135,126.57017,064-755-2112,https://api.cdn.visitjeju.net/photomng/imgpath/201808/07/822d71b2-a356-4432-8837-d9ab579b0d2a.JPG
愿愿묒?,?곷벑?좊쭩 ?좏솕怨듭썝,?쒖＜???쒕┝,?쒖＜ ?쒖＜???쒕┝??洹??1湲?19,"?뚮쭏怨듭썝,寃쎄?/?ы넗,臾명솕?좎쟻吏,??궗?좎쟻,?ы넗?ㅽ뙚,?댄듃?숈뀡,愿愿묒?",?곷벑?좊쭩?좏솕怨듭썝? 洹?뺥룷援ъ뿉???대????곕씪 ?꾨Т?붿쑝濡?留뚮뱾?댁쭊 醫곸? ?뚭만???곕씪 ??1km ?뺣룄 ?댁뼱吏꾨떎. 湲몄쓣 ?곕씪 嫄몄쑝硫??쒖＜ ?좏솕瑜??뚯븘蹂대뒗 ?щ????먭뺨蹂댁옄.,null,null,064-728-7614,https://api.cdn.visitjeju.net/photomng/imgpath/202111/26/1c231e85-5113-40b9-bc7f-bd79d7a94e9c.jpg
愿愿묒?,媛硫붿삤由??쒖＜???좎썡,?쒖＜?밸퀎?먯튂???쒖＜???좎썡??遊됱꽦由???125,"?ㅻ쫫,嫄룰린/?깆궛,留묒쓬,?먯뿰寃쎄?,?꾨낫?ы뻾,?꾨낫",??퀬 ?묒? 遺꾪솕援щ? 媛吏?媛硫??ㅻ쫫,33.36623487,126.3571601,--,https://api.cdn.visitjeju.net/photomng/imgpath/201804/30/ddae61fc-1e34-47b2-854d-3b97ffe1b76b.jpg
愿愿묒?,諭낅벝?밸쭏?대읇,?쒖＜??議곗쿇,?쒖＜?밸퀎?먯튂???쒖＜??議곗쿇??踰덉쁺濡?1118-33,"議곗쿇, ??섎━, ?밸쭏, ?댁깋泥댄뿕",留먯쓣 ?硫??щ━???쒖＜???몃Ⅸ 珥덉썝,33.4651501,126.6543529,010-2696-7043,https://api.cdn.visitjeju.net/photomng/imgpath/202306/18/49d1dcf9-8eb4-4c43-a3b0-d1ae152e19d3.jpg
愿愿묒?,?섎뱶 蹂댁뺄 ?ㅽ뒠?붿삤,?쒖＜???쒖＜?쒕궡,?쒖＜?밸퀎?먯튂???쒖＜??以묒븰濡?234-1,"?몃옒,?덉뒯,蹂댁뺄,?낆떆,?ㅻ뵒??痍⑤?,媛???щ떇?由щ뜲?댁씤?쒖＜",吏곸젒 遺瑜대뒗 ?몃옒濡??쒖＜ ?닿?瑜??밸퀎?섍쾶 蹂대궪 ???덈뒗 ?섎뱶 蹂댁뺄 ?ㅽ뒠?붿삤,33.4987647,126.5301679,0507-1437-7586,https://api.cdn.visitjeju.net/photomng/imgpath/202307/26/268394ba-f86f-4a9a-b247-ada206647815.jpg
愿愿묒?,?좎쿇由??⑷턿?щ젅),?쒓??ъ떆,?쒖꽑,?쒖＜?밸퀎?먯튂???쒓??ъ떆 ?쒖꽑硫??좎쿇由?"而ㅽ뵆,移쒓뎄,留묒쓬,寃쎄?/?ы넗,?댁떇/?먮쭅,?대?,?꾨낫?ы뻾,?꾨낫,?ы넗?ㅽ뙚",諛붾떎?띿뿉 ?쇱쭅?좎쓽 湲몃떎? 怨⑥쭨湲곌? ?뺤꽦?섏뼱 ?⑷턿?쇰줈 ?ㅼ뼱媛??臾몄씠???섏뿬 ?⑷턿?щ젅,33.350605,126.85242,--,https://api.cdn.visitjeju.net/photomng/imgpath/201804/30/2a6f7cae-b8eb-4ddc-8ea0-7e38084b2e5f.jpg
愿愿묒?,?쒖＜?꾪듃?쇳꽣,?쒖＜???쒖＜?쒕궡,?쒖＜?밸퀎?먯튂???쒖＜???ㅻ궓濡?231,"怨듭뿰???쒖＜???洹뱀옣,怨듭뿰,裕ㅼ?而??곌레,?ㅻ궡愿愿묒?,臾명솕愿愿??댄듃?숈뀡",2010??5?붿뿉 媛쒓????쒖＜?꾪듃?쇳꽣???쒖＜??理쒕?洹쒕え??媛앹꽍怨??ㅼ뼇???λⅤ??怨듭뿰???꾨꼍??吏?먰븷 ???덈뒗 ?λ퉬瑜?怨좊（ 媛뽰텣 ?꾨Ц 怨듭뿰?μ씠??,33.4751552,126.5155061,064-728-1509,https://api.cdn.visitjeju.net/photomng/imgpath/202002/14/657329b6-2794-4412-8275-041abc86a3c3.jpg
愿愿묒?,?쇰강援ъ꽍 & ?숆킅由?쨌3?ъ깮?먯쐞?밸퉬,?쒓??ъ떆,?덈뜒,?쒖＜?밸퀎?먯튂???쒓??ъ떆 ?덈뜒硫??숆킅由?1425 ?쇰?,"4.3,臾명솕?좎쟻吏,臾명솕愿愿??쒖＜4.3,??궗?좎쟻,?댄듃?숈뀡",4쨌3?ш굔 ?뱀떆 二쎌? ?쇰갊援ъ꽍 二쇰??ㅼ쓽 ?먰샎???щ옒湲??꾪빐 留덉쓣 異쒖떊 二쇰??ㅼ씠 吏곸젒 ?몄슫 鍮꾩꽍,33.311443,126.330444,--,https://api.cdn.visitjeju.net/photomng/imgpath/201804/30/7cf03fab-f939-4c49-ac2d-3df6bf5e5589.jpg
